epoch,recon_mse,lr
1,0.096020,3.60e-06
2,0.065579,5.20e-06
3,0.049837,6.80e-06
4,0.042030,8.40e-06
5,0.037053,1.00e-05
6,0.034040,1.00e-05
7,0.032291,1.00e-05
8,0.030931,1.00e-05
9,0.029903,1.00e-05
10,0.028967,1.00e-05
11,0.028156,1.00e-05
12,0.027394,1.00e-05
13,0.026649,1.00e-05
14,0.025956,1.00e-05
15,0.025330,1.00e-05
16,0.024752,1.00e-05
17,0.024176,1.00e-05
18,0.023726,1.00e-05
19,0.023110,1.00e-05
20,0.022592,1.00e-05
21,0.022117,1.00e-05
22,0.021754,1.00e-05
23,0.021299,1.00e-05
24,0.020888,1.00e-05
25,0.020496,1.00e-05
26,0.020102,1.00e-05
27,0.019729,1.00e-05
28,0.019380,1.00e-05
29,0.019086,1.00e-05
30,0.018754,1.00e-05
31,0.018435,1.00e-05
32,0.018204,1.00e-05
33,0.017880,1.00e-05
34,0.017598,9.99e-06
35,0.017341,9.99e-06
36,0.017066,9.99e-06
37,0.016878,9.99e-06
38,0.016615,9.99e-06
39,0.016340,9.99e-06
40,0.016103,9.99e-06
41,0.015874,9.99e-06
42,0.015728,9.99e-06
43,0.015579,9.99e-06
44,0.015270,9.99e-06
45,0.014991,9.99e-06
46,0.014892,9.99e-06
47,0.014716,9.99e-06
48,0.014453,9.99e-06
49,0.014296,9.99e-06
50,0.014115,9.99e-06
51,0.013916,9.99e-06
52,0.013781,9.99e-06
53,0.013655,9.99e-06
54,0.013439,9.99e-06
55,0.013315,9.98e-06
56,0.013119,9.98e-06
57,0.012980,9.98e-06
58,0.012858,9.98e-06
59,0.012777,9.98e-06
60,0.012617,9.98e-06
61,0.012452,9.98e-06
62,0.012335,9.98e-06
63,0.012171,9.98e-06
64,0.012017,9.98e-06
65,0.011875,9.98e-06
66,0.011824,9.98e-06
67,0.011648,9.98e-06
68,0.011543,9.98e-06
69,0.011419,9.97e-06
70,0.011351,9.97e-06
71,0.011195,9.97e-06
72,0.011171,9.97e-06
73,0.011155,9.97e-06
74,0.010910,9.97e-06
75,0.010846,9.97e-06
76,0.010799,9.97e-06
77,0.010642,9.97e-06
78,0.010565,9.97e-06
79,0.010439,9.97e-06
80,0.010322,9.97e-06
81,0.010270,9.96e-06
82,0.010185,9.96e-06
83,0.010076,9.96e-06
84,0.009983,9.96e-06
85,0.009930,9.96e-06
86,0.009852,9.96e-06
87,0.009796,9.96e-06
88,0.009705,9.96e-06
89,0.009603,9.96e-06
90,0.009581,9.96e-06
91,0.009444,9.95e-06
92,0.009425,9.95e-06
93,0.009335,9.95e-06
94,0.009276,9.95e-06
95,0.009175,9.95e-06
96,0.009090,9.95e-06
97,0.009044,9.95e-06
98,0.008973,9.95e-06
99,0.008965,9.95e-06
100,0.008884,9.94e-06
101,0.008821,9.94e-06
102,0.008741,9.94e-06
103,0.008698,9.94e-06
104,0.008678,9.94e-06
105,0.008598,9.94e-06
106,0.008529,9.94e-06
107,0.008494,9.94e-06
108,0.008435,9.93e-06
109,0.008400,9.93e-06
110,0.008332,9.93e-06
111,0.008257,9.93e-06
112,0.008204,9.93e-06
113,0.008175,9.93e-06
114,0.008163,9.93e-06
115,0.008076,9.93e-06
116,0.008007,9.92e-06
117,0.008032,9.92e-06
118,0.008014,9.92e-06
119,0.007918,9.92e-06
120,0.007839,9.92e-06
121,0.007787,9.92e-06
122,0.007748,9.92e-06
123,0.007734,9.91e-06
124,0.007674,9.91e-06
125,0.007633,9.91e-06
126,0.007568,9.91e-06
127,0.007535,9.91e-06
128,0.007517,9.91e-06
129,0.007477,9.90e-06
130,0.007403,9.90e-06
131,0.007394,9.90e-06
132,0.007360,9.90e-06
133,0.007350,9.90e-06
134,0.007361,9.90e-06
135,0.007320,9.90e-06
136,0.007250,9.89e-06
137,0.007241,9.89e-06
138,0.007195,9.89e-06
139,0.007148,9.89e-06
140,0.007134,9.89e-06
141,0.007116,9.89e-06
142,0.007061,9.88e-06
143,0.007020,9.88e-06
144,0.007008,9.88e-06
145,0.007004,9.88e-06
146,0.006931,9.88e-06
147,0.006901,9.88e-06
148,0.006897,9.87e-06
149,0.006887,9.87e-06
150,0.006860,9.87e-06
151,0.006846,9.87e-06
152,0.006830,9.87e-06
153,0.006788,9.86e-06
154,0.006796,9.86e-06
155,0.006793,9.86e-06
156,0.006752,9.86e-06
157,0.006777,9.86e-06
158,0.006709,9.86e-06
159,0.006657,9.85e-06
160,0.006604,9.85e-06
161,0.006619,9.85e-06
162,0.006567,9.85e-06
163,0.006545,9.85e-06
164,0.006527,9.84e-06
165,0.006538,9.84e-06
166,0.006485,9.84e-06
167,0.006485,9.84e-06
168,0.006481,9.84e-06
169,0.006441,9.83e-06
170,0.006410,9.83e-06
171,0.006409,9.83e-06
172,0.006405,9.83e-06
173,0.006366,9.83e-06
174,0.006374,9.82e-06
175,0.006329,9.82e-06
176,0.006337,9.82e-06
177,0.006345,9.82e-06
178,0.006322,9.82e-06
179,0.006294,9.81e-06
180,0.006298,9.81e-06
181,0.006228,9.81e-06
182,0.006227,9.81e-06
183,0.006204,9.80e-06
184,0.006195,9.80e-06
185,0.006227,9.80e-06
186,0.006194,9.80e-06
187,0.006162,9.80e-06
188,0.006157,9.79e-06
189,0.006145,9.79e-06
190,0.006150,9.79e-06
191,0.006131,9.79e-06
192,0.006121,9.78e-06
193,0.006090,9.78e-06
194,0.006069,9.78e-06
195,0.006029,9.78e-06
196,0.006030,9.78e-06
197,0.005996,9.77e-06
198,0.005993,9.77e-06
199,0.006012,9.77e-06
200,0.006000,9.77e-06
201,0.006006,9.76e-06
202,0.005986,9.76e-06
203,0.005974,9.76e-06
204,0.005945,9.76e-06
205,0.005975,9.75e-06
206,0.005900,9.75e-06
207,0.005894,9.75e-06
208,0.005883,9.75e-06
209,0.005866,9.74e-06
210,0.005860,9.74e-06
211,0.005822,9.74e-06
212,0.005823,9.74e-06
213,0.005836,9.73e-06
214,0.005844,9.73e-06
215,0.005798,9.73e-06
216,0.005789,9.73e-06
217,0.005782,9.72e-06
218,0.005770,9.72e-06
219,0.005759,9.72e-06
220,0.005784,9.72e-06
221,0.005768,9.71e-06
222,0.005741,9.71e-06
223,0.005721,9.71e-06
224,0.005735,9.71e-06
225,0.005708,9.70e-06
226,0.005668,9.70e-06
227,0.005679,9.70e-06
228,0.005659,9.69e-06
229,0.005652,9.69e-06
230,0.005664,9.69e-06
231,0.005640,9.69e-06
232,0.005658,9.68e-06
233,0.005647,9.68e-06
234,0.005629,9.68e-06
235,0.005646,9.68e-06
236,0.005623,9.67e-06
237,0.005620,9.67e-06
238,0.005646,9.67e-06
239,0.005593,9.66e-06
240,0.005568,9.66e-06
241,0.005578,9.66e-06
242,0.005550,9.66e-06
243,0.005529,9.65e-06
244,0.005527,9.65e-06
245,0.005523,9.65e-06
246,0.005518,9.64e-06
247,0.005514,9.64e-06
248,0.005509,9.64e-06
249,0.005501,9.64e-06
250,0.005489,9.63e-06
251,0.005477,9.63e-06
252,0.005478,9.63e-06
253,0.005490,9.62e-06
254,0.005467,9.62e-06
255,0.005468,9.62e-06
256,0.005487,9.61e-06
257,0.005484,9.61e-06
258,0.005473,9.61e-06
259,0.005432,9.61e-06
260,0.005424,9.60e-06
261,0.005408,9.60e-06
262,0.005418,9.60e-06
263,0.005378,9.59e-06
264,0.005379,9.59e-06
265,0.005390,9.59e-06
266,0.005397,9.58e-06
267,0.005431,9.58e-06
268,0.005392,9.58e-06
269,0.005342,9.57e-06
270,0.005330,9.57e-06
271,0.005342,9.57e-06
272,0.005348,9.56e-06
273,0.005335,9.56e-06
274,0.005327,9.56e-06
275,0.005296,9.55e-06
276,0.005283,9.55e-06
277,0.005294,9.55e-06
278,0.005271,9.55e-06
279,0.005279,9.54e-06
280,0.005290,9.54e-06
281,0.005260,9.54e-06
282,0.005244,9.53e-06
283,0.005236,9.53e-06
284,0.005225,9.53e-06
285,0.005232,9.52e-06
286,0.005231,9.52e-06
287,0.005232,9.52e-06
288,0.005243,9.51e-06
289,0.005243,9.51e-06
290,0.005239,9.50e-06
291,0.005271,9.50e-06
292,0.005261,9.50e-06
293,0.005218,9.49e-06
294,0.005233,9.49e-06
295,0.005189,9.49e-06
296,0.005187,9.48e-06
297,0.005174,9.48e-06
298,0.005172,9.48e-06
299,0.005160,9.47e-06
300,0.005172,9.47e-06
301,0.005163,9.47e-06
302,0.005155,9.46e-06
303,0.005127,9.46e-06
304,0.005137,9.46e-06
305,0.005123,9.45e-06
306,0.005141,9.45e-06
307,0.005118,9.45e-06
308,0.005124,9.44e-06
309,0.005100,9.44e-06
310,0.005077,9.43e-06
311,0.005090,9.43e-06
312,0.005091,9.43e-06
313,0.005074,9.42e-06
314,0.005064,9.42e-06
315,0.005063,9.42e-06
316,0.005081,9.41e-06
317,0.005075,9.41e-06
318,0.005069,9.40e-06
319,0.005049,9.40e-06
320,0.005086,9.40e-06
321,0.005079,9.39e-06
322,0.005063,9.39e-06
323,0.005070,9.39e-06
324,0.005047,9.38e-06
325,0.005056,9.38e-06
326,0.005026,9.37e-06
327,0.005001,9.37e-06
328,0.004989,9.37e-06
329,0.004996,9.36e-06
330,0.004988,9.36e-06
331,0.004983,9.36e-06
332,0.004992,9.35e-06
333,0.004973,9.35e-06
334,0.004952,9.34e-06
335,0.004965,9.34e-06
336,0.004959,9.34e-06
337,0.004937,9.33e-06
338,0.004953,9.33e-06
339,0.004980,9.32e-06
340,0.004957,9.32e-06
341,0.004956,9.32e-06
342,0.004969,9.31e-06
343,0.004968,9.31e-06
344,0.004966,9.30e-06
345,0.004992,9.30e-06
346,0.004935,9.30e-06
347,0.004925,9.29e-06
348,0.004918,9.29e-06
349,0.004906,9.28e-06
350,0.004892,9.28e-06
351,0.004886,9.28e-06
352,0.004904,9.27e-06
353,0.004891,9.27e-06
354,0.004878,9.26e-06
355,0.004891,9.26e-06
356,0.004876,9.26e-06
357,0.004861,9.25e-06
358,0.004884,9.25e-06
359,0.004877,9.24e-06
360,0.004860,9.24e-06
361,0.004858,9.23e-06
362,0.004851,9.23e-06
363,0.004851,9.23e-06
364,0.004843,9.22e-06
365,0.004826,9.22e-06
366,0.004817,9.21e-06
367,0.004820,9.21e-06
368,0.004820,9.21e-06
369,0.004809,9.20e-06
370,0.004819,9.20e-06
371,0.004819,9.19e-06
372,0.004797,9.19e-06
373,0.004802,9.18e-06
374,0.004824,9.18e-06
375,0.004811,9.18e-06
376,0.004801,9.17e-06
377,0.004816,9.17e-06
378,0.004806,9.16e-06
379,0.004829,9.16e-06
380,0.004846,9.15e-06
381,0.004800,9.15e-06
382,0.004826,9.14e-06
383,0.004789,9.14e-06
384,0.004770,9.14e-06
385,0.004762,9.13e-06
386,0.004752,9.13e-06
387,0.004773,9.12e-06
388,0.004732,9.12e-06
389,0.004720,9.11e-06
390,0.004730,9.11e-06
391,0.004719,9.10e-06
392,0.004711,9.10e-06
393,0.004721,9.10e-06
394,0.004700,9.09e-06
395,0.004717,9.09e-06
396,0.004709,9.08e-06
397,0.004727,9.08e-06
398,0.004729,9.07e-06
399,0.004723,9.07e-06
400,0.004720,9.06e-06
401,0.004700,9.06e-06
402,0.004707,9.05e-06
403,0.004719,9.05e-06
404,0.004695,9.05e-06
405,0.004704,9.04e-06
406,0.004701,9.04e-06
407,0.004695,9.03e-06
408,0.004680,9.03e-06
409,0.004661,9.02e-06
410,0.004673,9.02e-06
411,0.004649,9.01e-06
412,0.004646,9.01e-06
413,0.004664,9.00e-06
414,0.004636,9.00e-06
415,0.004632,8.99e-06
416,0.004615,8.99e-06
417,0.004618,8.98e-06
418,0.004661,8.98e-06
419,0.004637,8.97e-06
420,0.004622,8.97e-06
421,0.004611,8.96e-06
422,0.004618,8.96e-06
423,0.004616,8.96e-06
424,0.004601,8.95e-06
425,0.004604,8.95e-06
426,0.004612,8.94e-06
427,0.004600,8.94e-06
428,0.004585,8.93e-06
429,0.004568,8.93e-06
430,0.004577,8.92e-06
431,0.004643,8.92e-06
432,0.004628,8.91e-06
433,0.004597,8.91e-06
434,0.004613,8.90e-06
435,0.004616,8.90e-06
436,0.004596,8.89e-06
437,0.004594,8.89e-06
438,0.004565,8.88e-06
439,0.004554,8.88e-06
440,0.004575,8.87e-06
441,0.004559,8.87e-06
442,0.004551,8.86e-06
443,0.004521,8.86e-06
444,0.004521,8.85e-06
445,0.004544,8.85e-06
446,0.004533,8.84e-06
447,0.004520,8.84e-06
448,0.004530,8.83e-06
449,0.004522,8.83e-06
450,0.004566,8.82e-06
451,0.004533,8.82e-06
452,0.004537,8.81e-06
453,0.004520,8.81e-06
454,0.004517,8.80e-06
455,0.004513,8.80e-06
456,0.004519,8.79e-06
457,0.004503,8.79e-06
458,0.004505,8.78e-06
459,0.004540,8.78e-06
460,0.004519,8.77e-06
461,0.004526,8.77e-06
462,0.004516,8.76e-06
463,0.004530,8.75e-06
464,0.004494,8.75e-06
465,0.004473,8.74e-06
466,0.004460,8.74e-06
467,0.004465,8.73e-06
468,0.004472,8.73e-06
469,0.004462,8.72e-06
470,0.004509,8.72e-06
471,0.004478,8.71e-06
472,0.004468,8.71e-06
473,0.004472,8.70e-06
474,0.004451,8.70e-06
475,0.004432,8.69e-06
476,0.004422,8.69e-06
477,0.004432,8.68e-06
478,0.004454,8.68e-06
479,0.004416,8.67e-06
480,0.004435,8.67e-06
481,0.004430,8.66e-06
482,0.004420,8.65e-06
483,0.004432,8.65e-06
484,0.004415,8.64e-06
485,0.004424,8.64e-06
486,0.004416,8.63e-06
487,0.004429,8.63e-06
488,0.004424,8.62e-06
489,0.004430,8.62e-06
490,0.004416,8.61e-06
491,0.004415,8.61e-06
492,0.004413,8.60e-06
493,0.004400,8.59e-06
494,0.004406,8.59e-06
495,0.004404,8.58e-06
496,0.004414,8.58e-06
497,0.004410,8.57e-06
498,0.004395,8.57e-06
499,0.004403,8.56e-06
500,0.004402,8.56e-06
501,0.004394,8.55e-06
502,0.004386,8.55e-06
503,0.004360,8.54e-06
504,0.004361,8.53e-06
505,0.004368,8.53e-06
506,0.004357,8.52e-06
507,0.004346,8.52e-06
508,0.004362,8.51e-06
509,0.004361,8.51e-06
510,0.004349,8.50e-06
511,0.004359,8.49e-06
512,0.004355,8.49e-06
513,0.004337,8.48e-06
514,0.004326,8.48e-06
515,0.004354,8.47e-06
516,0.004381,8.47e-06
517,0.004352,8.46e-06
518,0.004381,8.46e-06
519,0.004362,8.45e-06
520,0.004347,8.44e-06
521,0.004334,8.44e-06
522,0.004307,8.43e-06
523,0.004301,8.43e-06
524,0.004312,8.42e-06
525,0.004303,8.42e-06
526,0.004300,8.41e-06
527,0.004287,8.40e-06
528,0.004290,8.40e-06
529,0.004298,8.39e-06
530,0.004280,8.39e-06
531,0.004282,8.38e-06
532,0.004279,8.37e-06
533,0.004286,8.37e-06
534,0.004292,8.36e-06
535,0.004291,8.36e-06
536,0.004299,8.35e-06
537,0.004337,8.35e-06
538,0.004313,8.34e-06
539,0.004309,8.33e-06
540,0.004292,8.33e-06
541,0.004276,8.32e-06
542,0.004288,8.32e-06
543,0.004267,8.31e-06
544,0.004269,8.30e-06
545,0.004255,8.30e-06
546,0.004248,8.29e-06
547,0.004262,8.29e-06
548,0.004307,8.28e-06
549,0.004262,8.27e-06
550,0.004284,8.27e-06
551,0.004238,8.26e-06
552,0.004227,8.26e-06
553,0.004211,8.25e-06
554,0.004219,8.24e-06
555,0.004218,8.24e-06
556,0.004202,8.23e-06
557,0.004209,8.23e-06
558,0.004231,8.22e-06
559,0.004243,8.21e-06
560,0.004229,8.21e-06
561,0.004214,8.20e-06
562,0.004210,8.20e-06
563,0.004207,8.19e-06
564,0.004187,8.18e-06
565,0.004194,8.18e-06
566,0.004203,8.17e-06
567,0.004206,8.17e-06
568,0.004211,8.16e-06
569,0.004223,8.15e-06
570,0.004230,8.15e-06
571,0.004208,8.14e-06
572,0.004201,8.14e-06
573,0.004201,8.13e-06
574,0.004178,8.12e-06
575,0.004179,8.12e-06
576,0.004180,8.11e-06
577,0.004175,8.11e-06
578,0.004177,8.10e-06
579,0.004174,8.09e-06
580,0.004172,8.09e-06
581,0.004159,8.08e-06
582,0.004175,8.07e-06
583,0.004162,8.07e-06
584,0.004151,8.06e-06
585,0.004160,8.06e-06
586,0.004158,8.05e-06
587,0.004159,8.04e-06
588,0.004167,8.04e-06
589,0.004183,8.03e-06
590,0.004174,8.02e-06
591,0.004172,8.02e-06
592,0.004169,8.01e-06
593,0.004150,8.01e-06
594,0.004193,8.00e-06
595,0.004155,7.99e-06
596,0.004151,7.99e-06
597,0.004143,7.98e-06
598,0.004144,7.97e-06
599,0.004132,7.97e-06
600,0.004124,7.96e-06
601,0.004117,7.95e-06
602,0.004130,7.95e-06
603,0.004124,7.94e-06
604,0.004118,7.94e-06
605,0.004120,7.93e-06
606,0.004119,7.92e-06
607,0.004107,7.92e-06
608,0.004102,7.91e-06
609,0.004091,7.90e-06
610,0.004101,7.90e-06
611,0.004084,7.89e-06
612,0.004090,7.88e-06
613,0.004092,7.88e-06
614,0.004092,7.87e-06
615,0.004090,7.87e-06
616,0.004106,7.86e-06
617,0.004180,7.85e-06
618,0.004115,7.85e-06
619,0.004122,7.84e-06
620,0.004108,7.83e-06
621,0.004103,7.83e-06
622,0.004114,7.82e-06
623,0.004083,7.81e-06
624,0.004076,7.81e-06
625,0.004065,7.80e-06
626,0.004071,7.79e-06
627,0.004041,7.79e-06
628,0.004043,7.78e-06
629,0.004058,7.77e-06
630,0.004053,7.77e-06
631,0.004038,7.76e-06
632,0.004074,7.75e-06
633,0.004075,7.75e-06
634,0.004057,7.74e-06
635,0.004054,7.73e-06
636,0.004099,7.73e-06
637,0.004093,7.72e-06
638,0.004105,7.71e-06
639,0.004073,7.71e-06
640,0.004045,7.70e-06
641,0.004037,7.70e-06
642,0.004014,7.69e-06
643,0.004016,7.68e-06
644,0.004000,7.68e-06
645,0.003997,7.67e-06
646,0.003995,7.66e-06
647,0.004001,7.66e-06
648,0.004001,7.65e-06
649,0.004011,7.64e-06
650,0.004019,7.64e-06
651,0.004013,7.63e-06
652,0.004013,7.62e-06
653,0.004018,7.62e-06
654,0.004019,7.61e-06
655,0.004005,7.60e-06
656,0.004002,7.59e-06
657,0.004016,7.59e-06
658,0.004015,7.58e-06
659,0.004001,7.57e-06
660,0.003992,7.57e-06
661,0.004005,7.56e-06
662,0.004040,7.55e-06
663,0.004020,7.55e-06
664,0.004007,7.54e-06
665,0.003997,7.53e-06
666,0.003982,7.53e-06
667,0.003974,7.52e-06
668,0.003979,7.51e-06
669,0.003976,7.51e-06
670,0.003967,7.50e-06
671,0.003986,7.49e-06
672,0.003988,7.49e-06
673,0.003980,7.48e-06
674,0.003975,7.47e-06
675,0.003975,7.47e-06
676,0.003966,7.46e-06
677,0.003983,7.45e-06
678,0.003982,7.45e-06
679,0.003991,7.44e-06
680,0.003954,7.43e-06
681,0.003968,7.42e-06
682,0.003950,7.42e-06
683,0.004007,7.41e-06
684,0.003985,7.40e-06
685,0.003956,7.40e-06
686,0.003954,7.39e-06
687,0.003930,7.38e-06
688,0.003920,7.38e-06
689,0.003930,7.37e-06
690,0.003923,7.36e-06
691,0.003921,7.36e-06
692,0.003910,7.35e-06
693,0.003906,7.34e-06
694,0.003921,7.33e-06
695,0.003924,7.33e-06
696,0.003911,7.32e-06
697,0.003923,7.31e-06
698,0.003934,7.31e-06
699,0.003932,7.30e-06
700,0.003939,7.29e-06
701,0.003952,7.29e-06
702,0.003937,7.28e-06
703,0.003909,7.27e-06
704,0.003905,7.26e-06
705,0.003917,7.26e-06
706,0.003925,7.25e-06
707,0.003911,7.24e-06
708,0.003909,7.24e-06
709,0.003903,7.23e-06
710,0.003878,7.22e-06
711,0.003894,7.22e-06
712,0.003902,7.21e-06
713,0.003887,7.20e-06
714,0.003881,7.19e-06
715,0.003871,7.19e-06
716,0.003883,7.18e-06
717,0.003884,7.17e-06
718,0.003873,7.17e-06
719,0.003880,7.16e-06
720,0.003875,7.15e-06
721,0.003915,7.14e-06
722,0.003898,7.14e-06
723,0.003891,7.13e-06
724,0.003884,7.12e-06
725,0.003868,7.12e-06
726,0.003859,7.11e-06
727,0.003871,7.10e-06
728,0.003863,7.09e-06
729,0.003868,7.09e-06
730,0.003843,7.08e-06
731,0.003849,7.07e-06
732,0.003853,7.07e-06
733,0.003845,7.06e-06
734,0.003853,7.05e-06
735,0.003859,7.04e-06
736,0.003857,7.04e-06
737,0.003844,7.03e-06
738,0.003856,7.02e-06
739,0.003867,7.02e-06
740,0.003846,7.01e-06
741,0.003852,7.00e-06
742,0.003853,6.99e-06
743,0.003836,6.99e-06
744,0.003834,6.98e-06
745,0.003828,6.97e-06
746,0.003823,6.97e-06
747,0.003820,6.96e-06
748,0.003839,6.95e-06
749,0.003815,6.94e-06
750,0.003808,6.94e-06
751,0.003809,6.93e-06
752,0.003805,6.92e-06
753,0.003813,6.91e-06
754,0.003818,6.91e-06
755,0.003813,6.90e-06
756,0.003801,6.89e-06
757,0.003819,6.89e-06
758,0.003836,6.88e-06
759,0.003867,6.87e-06
760,0.003849,6.86e-06
761,0.003828,6.86e-06
762,0.003803,6.85e-06
763,0.003798,6.84e-06
764,0.003797,6.83e-06
765,0.003786,6.83e-06
766,0.003791,6.82e-06
767,0.003795,6.81e-06
768,0.003784,6.80e-06
769,0.003787,6.80e-06
770,0.003777,6.79e-06
771,0.003798,6.78e-06
772,0.003781,6.78e-06
773,0.003771,6.77e-06
774,0.003769,6.76e-06
775,0.003788,6.75e-06
776,0.003775,6.75e-06
777,0.003775,6.74e-06
778,0.003792,6.73e-06
779,0.003787,6.72e-06
780,0.003792,6.72e-06
781,0.003780,6.71e-06
782,0.003781,6.70e-06
783,0.003760,6.69e-06
784,0.003747,6.69e-06
785,0.003744,6.68e-06
786,0.003746,6.67e-06
787,0.003742,6.66e-06
788,0.003747,6.66e-06
789,0.003754,6.65e-06
790,0.003739,6.64e-06
791,0.003745,6.63e-06
792,0.003738,6.63e-06
793,0.003734,6.62e-06
794,0.003752,6.61e-06
795,0.003750,6.60e-06
796,0.003746,6.60e-06
797,0.003732,6.59e-06
798,0.003744,6.58e-06
799,0.003733,6.58e-06
800,0.003721,6.57e-06
801,0.003735,6.56e-06
802,0.003745,6.55e-06
803,0.003722,6.55e-06
804,0.003731,6.54e-06
805,0.003715,6.53e-06
806,0.003716,6.52e-06
807,0.003724,6.52e-06
808,0.003731,6.51e-06
809,0.003728,6.50e-06
810,0.003737,6.49e-06
811,0.003732,6.49e-06
812,0.003735,6.48e-06
813,0.003727,6.47e-06
814,0.003732,6.46e-06
815,0.003725,6.45e-06
816,0.003719,6.45e-06
817,0.003705,6.44e-06
818,0.003695,6.43e-06
819,0.003697,6.42e-06
820,0.003707,6.42e-06
821,0.003689,6.41e-06
822,0.003697,6.40e-06
823,0.003684,6.39e-06
824,0.003675,6.39e-06
825,0.003677,6.38e-06
826,0.003671,6.37e-06
827,0.003670,6.36e-06
828,0.003686,6.36e-06
829,0.003689,6.35e-06
830,0.003670,6.34e-06
831,0.003668,6.33e-06
832,0.003663,6.33e-06
833,0.003683,6.32e-06
834,0.003666,6.31e-06
835,0.003671,6.30e-06
836,0.003673,6.30e-06
837,0.003665,6.29e-06
838,0.003664,6.28e-06
839,0.003660,6.27e-06
840,0.003679,6.27e-06
841,0.003677,6.26e-06
842,0.003657,6.25e-06
843,0.003654,6.24e-06
844,0.003654,6.24e-06
845,0.003655,6.23e-06
846,0.003652,6.22e-06
847,0.003665,6.21e-06
848,0.003655,6.20e-06
849,0.003646,6.20e-06
850,0.003664,6.19e-06
851,0.003653,6.18e-06
852,0.003647,6.17e-06
853,0.003639,6.17e-06
854,0.003631,6.16e-06
855,0.003639,6.15e-06
856,0.003641,6.14e-06
857,0.003658,6.14e-06
858,0.003641,6.13e-06
859,0.003638,6.12e-06
860,0.003630,6.11e-06
861,0.003621,6.10e-06
862,0.003623,6.10e-06
863,0.003622,6.09e-06
864,0.003622,6.08e-06
865,0.003627,6.07e-06
866,0.003626,6.07e-06
867,0.003622,6.06e-06
868,0.003615,6.05e-06
869,0.003636,6.04e-06
870,0.003628,6.04e-06
871,0.003611,6.03e-06
872,0.003603,6.02e-06
873,0.003614,6.01e-06
874,0.003645,6.00e-06
875,0.003625,6.00e-06
876,0.003614,5.99e-06
877,0.003596,5.98e-06
878,0.003606,5.97e-06
879,0.003598,5.97e-06
880,0.003624,5.96e-06
881,0.003619,5.95e-06
882,0.003598,5.94e-06
883,0.003583,5.94e-06
884,0.003577,5.93e-06
885,0.003564,5.92e-06
886,0.003579,5.91e-06
887,0.003576,5.90e-06
888,0.003580,5.90e-06
889,0.003579,5.89e-06
890,0.003578,5.88e-06
891,0.003580,5.87e-06
892,0.003574,5.87e-06
893,0.003564,5.86e-06
894,0.003557,5.85e-06
895,0.003560,5.84e-06
896,0.003553,5.83e-06
897,0.003547,5.83e-06
898,0.003551,5.82e-06
899,0.003553,5.81e-06
900,0.003575,5.80e-06
901,0.003568,5.80e-06
902,0.003571,5.79e-06
903,0.003578,5.78e-06
904,0.003566,5.77e-06
905,0.003560,5.76e-06
906,0.003558,5.76e-06
907,0.003551,5.75e-06
908,0.003558,5.74e-06
909,0.003547,5.73e-06
910,0.003543,5.73e-06
911,0.003544,5.72e-06
912,0.003540,5.71e-06
913,0.003543,5.70e-06
914,0.003533,5.69e-06
915,0.003530,5.69e-06
916,0.003535,5.68e-06
917,0.003534,5.67e-06
918,0.003549,5.66e-06
919,0.003546,5.66e-06
920,0.003542,5.65e-06
921,0.003540,5.64e-06
922,0.003536,5.63e-06
923,0.003525,5.62e-06
924,0.003545,5.62e-06
925,0.003529,5.61e-06
926,0.003533,5.60e-06
927,0.003526,5.59e-06
928,0.003513,5.59e-06
929,0.003539,5.58e-06
930,0.003518,5.57e-06
931,0.003518,5.56e-06
932,0.003521,5.55e-06
933,0.003551,5.55e-06
934,0.003524,5.54e-06
935,0.003517,5.53e-06
936,0.003506,5.52e-06
937,0.003500,5.51e-06
938,0.003496,5.51e-06
939,0.003482,5.50e-06
940,0.003494,5.49e-06
941,0.003481,5.48e-06
942,0.003489,5.48e-06
943,0.003488,5.47e-06
944,0.003491,5.46e-06
945,0.003487,5.45e-06
946,0.003476,5.44e-06
947,0.003477,5.44e-06
948,0.003478,5.43e-06
949,0.003481,5.42e-06
950,0.003480,5.41e-06
951,0.003471,5.41e-06
952,0.003491,5.40e-06
953,0.003481,5.39e-06
954,0.003481,5.38e-06
955,0.003479,5.37e-06
956,0.003481,5.37e-06
957,0.003496,5.36e-06
958,0.003517,5.35e-06
959,0.003512,5.34e-06
960,0.003524,5.33e-06
961,0.003506,5.33e-06
962,0.003482,5.32e-06
963,0.003461,5.31e-06
964,0.003447,5.30e-06
965,0.003443,5.30e-06
966,0.003437,5.29e-06
967,0.003429,5.28e-06
968,0.003436,5.27e-06
969,0.003436,5.26e-06
970,0.003444,5.26e-06
971,0.003447,5.25e-06
972,0.003454,5.24e-06
973,0.003447,5.23e-06
974,0.003450,5.22e-06
975,0.003450,5.22e-06
976,0.003449,5.21e-06
977,0.003445,5.20e-06
978,0.003439,5.19e-06
979,0.003453,5.18e-06
980,0.003440,5.18e-06
981,0.003435,5.17e-06
982,0.003436,5.16e-06
983,0.003432,5.15e-06
984,0.003428,5.15e-06
985,0.003420,5.14e-06
986,0.003440,5.13e-06
987,0.003430,5.12e-06
988,0.003446,5.11e-06
989,0.003433,5.11e-06
990,0.003422,5.10e-06
991,0.003406,5.09e-06
992,0.003406,5.08e-06
993,0.003416,5.07e-06
994,0.003407,5.07e-06
995,0.003403,5.06e-06
996,0.003409,5.05e-06
997,0.003407,5.04e-06
998,0.003406,5.04e-06
999,0.003403,5.03e-06
1000,0.003401,5.02e-06
1001,0.003403,5.01e-06
1002,0.003401,5.00e-06
1003,0.003419,5.00e-06
1004,0.003406,4.99e-06
1005,0.003398,4.98e-06
1006,0.003394,4.97e-06
1007,0.003396,4.96e-06
1008,0.003394,4.96e-06
1009,0.003416,4.95e-06
1010,0.003413,4.94e-06
1011,0.003404,4.93e-06
1012,0.003396,4.93e-06
1013,0.003411,4.92e-06
1014,0.003394,4.91e-06
1015,0.003384,4.90e-06
1016,0.003371,4.89e-06
1017,0.003376,4.89e-06
1018,0.003393,4.88e-06
1019,0.003382,4.87e-06
1020,0.003380,4.86e-06
1021,0.003378,4.85e-06
1022,0.003372,4.85e-06
1023,0.003372,4.84e-06
1024,0.003368,4.83e-06
1025,0.003396,4.82e-06
1026,0.003373,4.82e-06
1027,0.003368,4.81e-06
1028,0.003366,4.80e-06
1029,0.003359,4.79e-06
1030,0.003358,4.78e-06
1031,0.003357,4.78e-06
1032,0.003354,4.77e-06
1033,0.003358,4.76e-06
1034,0.003353,4.75e-06
1035,0.003355,4.74e-06
1036,0.003360,4.74e-06
1037,0.003372,4.73e-06
1038,0.003364,4.72e-06
1039,0.003370,4.71e-06
1040,0.003362,4.70e-06
1041,0.003351,4.70e-06
1042,0.003337,4.69e-06
1043,0.003333,4.68e-06
1044,0.003332,4.67e-06
1045,0.003343,4.67e-06
1046,0.003344,4.66e-06
1047,0.003338,4.65e-06
1048,0.003350,4.64e-06
1049,0.003351,4.63e-06
1050,0.003338,4.63e-06
1051,0.003336,4.62e-06
1052,0.003336,4.61e-06
1053,0.003324,4.60e-06
1054,0.003335,4.59e-06
1055,0.003330,4.59e-06
1056,0.003320,4.58e-06
1057,0.003328,4.57e-06
1058,0.003342,4.56e-06
1059,0.003330,4.56e-06
1060,0.003331,4.55e-06
1061,0.003316,4.54e-06
1062,0.003315,4.53e-06
1063,0.003319,4.52e-06
1064,0.003307,4.52e-06
1065,0.003310,4.51e-06
1066,0.003307,4.50e-06
1067,0.003303,4.49e-06
1068,0.003306,4.49e-06
1069,0.003306,4.48e-06
1070,0.003304,4.47e-06
1071,0.003297,4.46e-06
1072,0.003310,4.45e-06
1073,0.003303,4.45e-06
1074,0.003295,4.44e-06
1075,0.003299,4.43e-06
1076,0.003307,4.42e-06
1077,0.003307,4.41e-06
1078,0.003300,4.41e-06
1079,0.003313,4.40e-06
1080,0.003305,4.39e-06
1081,0.003307,4.38e-06
1082,0.003297,4.38e-06
1083,0.003287,4.37e-06
1084,0.003278,4.36e-06
1085,0.003277,4.35e-06
1086,0.003287,4.34e-06
1087,0.003277,4.34e-06
1088,0.003292,4.33e-06
1089,0.003279,4.32e-06
1090,0.003275,4.31e-06
1091,0.003269,4.31e-06
1092,0.003273,4.30e-06
1093,0.003274,4.29e-06
1094,0.003263,4.28e-06
1095,0.003265,4.27e-06
1096,0.003268,4.27e-06
1097,0.003273,4.26e-06
1098,0.003268,4.25e-06
1099,0.003265,4.24e-06
1100,0.003270,4.24e-06
1101,0.003272,4.23e-06
1102,0.003258,4.22e-06
1103,0.003273,4.21e-06
1104,0.003263,4.20e-06
1105,0.003258,4.20e-06
1106,0.003264,4.19e-06
1107,0.003265,4.18e-06
1108,0.003257,4.17e-06
1109,0.003253,4.17e-06
1110,0.003254,4.16e-06
1111,0.003258,4.15e-06
1112,0.003250,4.14e-06
1113,0.003252,4.13e-06
1114,0.003261,4.13e-06
1115,0.003258,4.12e-06
1116,0.003256,4.11e-06
1117,0.003255,4.10e-06
1118,0.003264,4.10e-06
1119,0.003274,4.09e-06
1120,0.003256,4.08e-06
1121,0.003244,4.07e-06
1122,0.003242,4.06e-06
1123,0.003233,4.06e-06
1124,0.003223,4.05e-06
1125,0.003223,4.04e-06
1126,0.003211,4.03e-06
1127,0.003219,4.03e-06
1128,0.003229,4.02e-06
1129,0.003229,4.01e-06
1130,0.003222,4.00e-06
1131,0.003225,4.00e-06
1132,0.003226,3.99e-06
1133,0.003226,3.98e-06
1134,0.003224,3.97e-06
1135,0.003216,3.96e-06
1136,0.003222,3.96e-06
1137,0.003216,3.95e-06
1138,0.003215,3.94e-06
1139,0.003207,3.93e-06
1140,0.003203,3.93e-06
1141,0.003218,3.92e-06
1142,0.003212,3.91e-06
1143,0.003203,3.90e-06
1144,0.003209,3.90e-06
1145,0.003202,3.89e-06
1146,0.003208,3.88e-06
1147,0.003208,3.87e-06
1148,0.003197,3.86e-06
1149,0.003200,3.86e-06
1150,0.003192,3.85e-06
1151,0.003197,3.84e-06
1152,0.003189,3.83e-06
1153,0.003190,3.83e-06
1154,0.003206,3.82e-06
1155,0.003206,3.81e-06
1156,0.003199,3.80e-06
1157,0.003195,3.80e-06
1158,0.003190,3.79e-06
1159,0.003192,3.78e-06
1160,0.003181,3.77e-06
1161,0.003182,3.76e-06
1162,0.003177,3.76e-06
1163,0.003175,3.75e-06
1164,0.003187,3.74e-06
1165,0.003177,3.73e-06
1166,0.003186,3.73e-06
1167,0.003173,3.72e-06
1168,0.003183,3.71e-06
1169,0.003192,3.70e-06
1170,0.003180,3.70e-06
1171,0.003177,3.69e-06
1172,0.003177,3.68e-06
1173,0.003174,3.67e-06
1174,0.003171,3.67e-06
